<template xmlns="http://ws.apache.org/ns/synapse" name="read">
    <parameter name="file"/>c
    <parameter name="filelocation"/>
    <parameter name="encoding"/>
    <parameter name="ftpfilelocation"/>
    <sequence>
        <log level="full" category="debug">
            <property name="file" expression="$func:file" />  
            <property name="filelocation" expression="$func:filelocation" />
            <property name="encoding" expression="$func:encoding" />
            <property name="ftpfilelocation" expression="$func:ftpfilelocation" />
                       
        </log>
        <class name="org.wso2.carbon.connector.FileRead" />
    </sequence>
</template>
