<template xmlns="http://ws.apache.org/ns/synapse" name="isfileexist">
    <parameter name="file"/>c
    <parameter name="filelocation"/>
    <parameter name="content"/>
    <parameter name="newfilename"/>
    <sequence>
        <log level="full" category="debug">
            <property name="file" expression="$func:file" />  
            <property name="filelocation" expression="$func:filelocation" />
            <property name="content" expression="$func:content" />
            <property name="newfilename" expression="$func:newfilename" />
                       
        </log>
        <class name="org.wso2.carbon.connector.FileExist" />
    </sequence>
</template>
