<?xml version="1.0" encoding="UTF-8"?>
<component name="file" type="synapse/template" >
    <subComponents>
        <component name="create">
            <file>filecreate-template.xml</file>
            <description>File creation</description>
        </component>
         <component name="copy">
            <file>filecopy-template.xml</file>
            <description>File copy</description>
        </component>
         <component name="read">
            <file>fileread-template.xml</file>
            <description>File Read</description>
        </component>
        <component name="rename">
            <file>filerename-template.xml</file>
            <description>File Rename</description>
        </component>
         <component name="delete">
            <file>filedelete-template.xml</file>
            <description>File Delete</description>
        </component>
        <component name="move">
            <file>filemove-template.xml</file>
            <description>File Move</description>
        </component>
           <component name="append">
            <file>fileappend-template.xml</file>
            <description>File Append</description>
        </component>
          <component name="archives">
            <file>filearchives-template.xml</file>
            <description>File Archive</description>
        </component>
        <component name="search">
            <file>filesearch-template.xml</file>
            <description>File Search</description>
        </component>
        <component name="copylarge">
            <file>filestreamcopy-template.xml</file>
            <description>File copying with streaming.This will be good for large file transfer</description>
        </component>
      
           <component name="isfileexist">
            <file>fileexists-template.xml</file>
            <description>Check whether file is exist</description>
        </component>

        <component name="unzip">
            <file>fileunzip.xml</file>
            <description>unzip the zip file</description>
        </component>
        <component name="addFiles">
            <file>addFiles.xml</file>
            <description>Add Files into zip folders</description>
        </component>
        <component name="readContent">
            <file>readContent.xml</file>
            <description>read file</description>
        </component>
    </subComponents>
</component>


