<template xmlns="http://ws.apache.org/ns/synapse" name="delete">
    <parameter name="file"/>c
    <parameter name="filelocation"/>
    <parameter name="filebeforeprocess"/>
    <sequence>
        <log level="full" category="debug">
            <property name="file" expression="$func:file" />  
            <property name="filelocation" expression="$func:filelocation" />
            <property name="content" expression="$func:content" />
                        
        </log>
        <class name="org.wso2.carbon.connector.FileDelete" />
    </sequence>
</template>
